No.,Observed Passband,Photometry Measurement,Uncertainty,Units,Frequency,Flux Density,Upper limit of uncertainty,Lower limit of uncertainty,Upper limit of Flux Density,Lower limit of Flux Density,NED Uncertainty,NED Units,Refcode,Significance,Published frequency,Frequency Mode,Coordinates Targeted,Spatial Mode,Qualifiers,Comments
1,2-10 keV (ASCA),1.1E-13,,ergs/s/cm^2^,1.45E18,7.59E-9,,,,,,Jy,2001ApJS..133....1U,no uncertainty reported,6.00 keV,Broad-band measurement,233.7458 +23.4932 (J2000),Flux integrated from map,,From reprocessed raw data; Extinction-corrected for MilkyWay; NED frequency assigned to mid-point of band in keV
2,2-10 keV (Suzaku),9.8E-14,+/-0.24E-13,erg/s/cm^2^,1.45E18,6.76E-9,1.66E-9,1.66E-9,,,+/-1.66E-09,Jy,2009ApJ...691..261T,uncertainty,6.00 keV,Broad-band measurement,,Modelled datum,,From new raw data; NED frequency assigned to mid-point ofband in keV
3,2-10 keV,1.07E-13,+/-0.18E-13,erg/s/cm^2^,1.45E18,7.38E-9,1.24E-9,1.24E-9,,,+/-1.24E-09,Jy,2011ApJ...729...52L,uncertainty,6.00 keV,Broad-band measurement,,Modelled datum,,From reprocessed raw data; NED frequency assigned tomid-point of band in keV
4,2-10 keV (XMM),1.11E-13,,erg/cm^2^/s,1.45E18,7.66E-9,,,,,,Jy,2014A&A...569A..71C,no uncertainty reported,6.00 keV,Broad-band measurement,,From fitting to map,,From reprocessed raw data; NED frequency assigned tomid-point of band in keV
5,2-7 keV (Chandra),6.6E-14,,erg/s/cm^2^,1.09E18,6.06E-9,,,,,,Jy,2011A&A...529A.106I,no uncertainty reported,4.50 keV,Broad-band measurement,,Modelled datum,,From reprocessed raw data; NED frequency assigned tomid-point of band in keV
6,0.7-7 keV (ASCA),2.1E-13,,ergs/s/cm^2^,9.31E17,2.26E-8,,,,,,Jy,2001ApJS..133....1U,no uncertainty reported,3.85 keV,Broad-band measurement,233.7458 +23.4932 (J2000),Flux integrated from map,,From reprocessed raw data; Extinction-corrected for MilkyWay; NED frequency assigned to mid-point of band in keV
7,EO IPC (0.1-4.5 keV),45.69,,nJy,3.87E17,4.57E-8,,,,,,Jy,1996MNRAS.278.1049R,no uncertainty reported,1.6        keV,Broad-band measurement; broad-band flux derived by integration over spectrum; synthetic band,153457.22 +233011.40 (J2000),Integrated from scans,,Homogenized from previously published data
8,0.7-2 keV (ASCA),1.4E-13,,ergs/s/cm^2^,3.26E17,4.29E-8,,,,,,Jy,2001ApJS..133....1U,no uncertainty reported,1.35 keV,Broad-band measurement,233.7458 +23.4932 (J2000),Flux integrated from map,,From reprocessed raw data; Extinction-corrected for MilkyWay; NED frequency assigned to mid-point of band in keV
9,0.5-2 keV (Suzaku),6.6E-14,+/-0.10E-13,erg/s/cm^2^,3.02E17,2.19E-8,3.31E-9,3.31E-9,,,+/-3.31E-09,Jy,2009ApJ...691..261T,uncertainty,1.25 keV,Broad-band measurement,,Modelled datum,,From new raw data; NED frequency assigned to mid-point ofband in keV
10,0.5-2 keV (Chandra),2.7E-14,,erg/s/cm^2^,3.02E17,8.94E-9,,,,,,Jy,2011A&A...529A.106I,no uncertainty reported,1.25 keV,Broad-band measurement,,Modelled datum,,From reprocessed raw data; NED frequency assigned tomid-point of band in keV
11,FUV (GALEX) AB,18.97,+/-0.12,mag,1.96E15,9.42E-5,1.01E-5,1.01E-5,,,+/-1.01E-05,Jy,2014ApJS..212...18B,uncertainty,1531   A,Broad-band measurement,233.73850000 23.50317000 (J2000),Flux in fixed aperture,"80""x36"" aperture; PSF corr",From new raw data
12,FUV (GALEX) AB,18.57,+/-0.12,mag,1.96E15,1.36E-4,1.45E-5,1.45E-5,,,+/-1.45E-05,Jy,2014ApJS..212...18B,uncertainty,1531   A,Broad-band measurement,233.73850000 23.50317000 (J2000),Flux in fixed aperture,"80""x36"" aperture; PSF corr",From new raw data; Extinction-corrected for Milky Way
13,UVW2 (Swift) AB,17.55,+/-0.10,mag,1.48E15,3.46E-4,3.18E-5,3.18E-5,,,+/-3.18E-05,Jy,2014ApJS..212...18B,uncertainty,2026   A,Broad-band measurement,233.73850000 23.50317000 (J2000),Flux in fixed aperture,"80""x36"" aperture",From new raw data; Extinction-corrected for Milky Way
14,UVW2 (Swift) AB,17.96,+/-0.10,mag,1.48E15,2.38E-4,2.19E-5,2.19E-5,,,+/-2.19E-05,Jy,2014ApJS..212...18B,uncertainty,2026   A,Broad-band measurement,233.73850000 23.50317000 (J2000),Flux in fixed aperture,"80""x36"" aperture",From new raw data
15,NUV (GALEX) AB,17.26,+/-0.10,mag,1.31E15,4.53E-4,4.17E-5,4.17E-5,,,+/-4.17E-05,Jy,2014ApJS..212...18B,uncertainty,2286   A,Broad-band measurement,233.73850000 23.50317000 (J2000),Flux in fixed aperture,"80""x36"" aperture; PSF corr",From new raw data; Extinction-corrected for Milky Way
16,NUV (GALEX) AB,17.66,+/-0.10,mag,1.31E15,3.13E-4,2.88E-5,2.88E-5,,,+/-2.88E-05,Jy,2014ApJS..212...18B,uncertainty,2286   A,Broad-band measurement,233.73850000 23.50317000 (J2000),Flux in fixed aperture,"80""x36"" aperture; PSF corr",From new raw data
17,u (SDSS) AB,15.26,+/-0.05,mag,8.44E14,0.00285,1.31E-4,1.31E-4,,,+/-1.31E-04,Jy,2014ApJS..212...18B,uncertainty,3551   A,Broad-band measurement,233.73850000 23.50317000 (J2000),Flux in fixed aperture,"80""x36"" aperture",From new raw data; Extinction-corrected for Milky Way
18,u (SDSS) AB,15.48,+/-0.05,mag,8.44E14,0.00232,1.07E-4,1.07E-4,,,+/-1.07E-04,Jy,2014ApJS..212...18B,uncertainty,3551   A,Broad-band measurement,233.73850000 23.50317000 (J2000),Flux in fixed aperture,"80""x36"" aperture",From new raw data
19,U_T (VATT),14.341,+/-0.023,mag,8.19E14,0.00332,6.98E-5,6.98E-5,,,+/-6.98E-05,Jy,2005ApJ...630..784T,uncertainty,3660   A,Broad-band measurement,15 34 56.33 +23 29 33.8 (J2000),Total flux,,From new raw data; derived from a flux in a different bandand a color; Standard Johnson UBVRI filters assumed
20,U (U_T),14.27,+/-0.15,mag,8.19E14,0.00355,5.09E-4,5.09E-4,,,+/-5.09E-04,Jy,1991RC3.9.C...0000d,rms uncertainty,3660       A,Broad-band measurement,153247.3 +234006 (B1950),From multi-aperture data,,Homogenized from new and previously published data; StandardJohnson UBVRI filters assumed
21,U (U_T^0),13.87,,mag,8.19E14,0.00513,,,,,,Jy,1991RC3.9.C...0000d,no uncertainty reported,3660       A,Broad-band measurement,153247.3 +234006 (B1950),From multi-aperture data,,Homogenized from new and previously published data;Extinction-corrected for internal and Milky Way and K-correction applied; Standard Johnson UBVRI filters assumed
23,103a-O (POSS-I O),14.43,,mag,7.4E14,0.00644,,,,,,Jy,2006ApJ...639...37K,no uncertainty reported,4050   A,Broad-band measurement,153457.1 +233007 (J2000),Flux integrated from map,,Averaged new and previously published data
26,m_p,14.4,+/-0.4,mag,6.81E14,0.0074,0.0033,0.0033,,,+/-3.30E-03,Jy,1963CGCG2.C...0000Z,rms noise,4400       A,Broad-band measurement,153248.0 +234000. (B1950),Estimated by eye,,From new raw data
27,B_T (VATT),14.011,+/-0.011,mag,6.81E14,0.0106,1.07E-4,1.07E-4,,,+/-1.07E-04,Jy,2005ApJ...630..784T,uncertainty,4400   A,Broad-band measurement,15 34 56.33 +23 29 33.8 (J2000),Total flux,,From new raw data; Standard Johnson UBVRI filters assumed
28,B (UH),14.0,+/-0.07,mag,6.81E14,0.0107,6.9E-4,6.9E-4,,,+/-6.90E-04,Jy,2000ApJ...529..170S,uncertainty,4400   A,Broad-band measurement,15 34 57.3 +23 30 11.9 (J2000),Flux in fixed aperture,,From new raw data
29,B (UH),17.6,+/-0.1,mag,6.81E14,3.89E-4,3.58E-5,3.58E-5,,,+/-3.58E-05,Jy,2000ApJ...529..170S,uncertainty,4400   A,Broad-band measurement,15 34 57.3 +23 30 11.9 (J2000),Flux in fixed aperture,Nuclear mag,From new raw data
30,B (B_T),13.94,+/-0.14,mag,6.81E14,0.0113,0.00156,0.00156,,,+/-1.56E-03,Jy,1991RC3.9.C...0000d,rms uncertainty,4400       A,Broad-band measurement,153247.3 +234006 (B1950),From multi-aperture data,,Homogenized from new and previously published data; StandardJohnson UBVRI filters assumed
31,B (m_B),13.9,+/-0.20,mag,6.81E14,0.0117,0.00237,0.00237,,,+/-2.37E-03,Jy,1991RC3.9.C...0000d,rms uncertainty,4400       A,Broad-band measurement,153247.3 +234006 (B1950),Multiple methods,,Homogenized from new and previously published data; StandardJohnson UBVRI filters assumed
32,B (B_T^0),13.61,,mag,6.81E14,0.0153,,,,,,Jy,1991RC3.9.C...0000d,no uncertainty reported,4400       A,Broad-band measurement,153247.3 +234006 (B1950),Multiple methods,,Homogenized from new and previously published data;Extinction-corrected for internal and Milky Way and K-correction applied; Standard Johnson UBVRI filters assumed
33,g (SDSS) AB,13.68,+/-0.05,mag,6.4E14,0.0123,5.65E-4,5.65E-4,,,+/-5.65E-04,Jy,2014ApJS..212...18B,uncertainty,4681   A,Broad-band measurement,233.73850000 23.50317000 (J2000),Flux in fixed aperture,"80""x36"" aperture",From new raw data; Extinction-corrected for Milky Way
34,g (SDSS) AB,13.85,+/-0.05,mag,6.4E14,0.0104,4.81E-4,4.81E-4,,,+/-4.81E-04,Jy,2014ApJS..212...18B,uncertainty,4681   A,Broad-band measurement,233.73850000 23.50317000 (J2000),Flux in fixed aperture,"80""x36"" aperture",From new raw data
38,V_T (VATT),13.187,+/-0.018,mag,5.42E14,0.0193,3.17E-4,3.17E-4,,,+/-3.17E-04,Jy,2005ApJ...630..784T,uncertainty,5530   A,Broad-band measurement,15 34 56.33 +23 29 33.8 (J2000),Total flux,,From new raw data; derived from a flux in a different bandand a color; Standard Johnson UBVRI filters assumed
39,V (V_T),13.2,+/-0.14,mag,5.42E14,0.0191,0.00269,0.00269,,,+/-2.69E-03,Jy,1991RC3.9.C...0000d,rms uncertainty,5530       A,Broad-band measurement,153247.3 +234006 (B1950),From multi-aperture data,,Homogenized from new and previously published data; StandardJohnson UBVRI filters assumed
40,V (V_T^0),12.96,,mag,5.42E14,0.0238,,,,,,Jy,1991RC3.9.C...0000d,no uncertainty reported,5530       A,Broad-band measurement,153247.3 +234006 (B1950),From multi-aperture data,,Homogenized from new and previously published data;Extinction-corrected for internal and Milky Way and K-correction applied; Standard Johnson UBVRI filters assumed
41,r (SDSS) AB,13.15,+/-0.05,mag,4.86E14,0.02,9.22E-4,9.22E-4,,,+/-9.22E-04,Jy,2014ApJS..212...18B,uncertainty,6165   A,Broad-band measurement,233.73850000 23.50317000 (J2000),Flux in fixed aperture,"80""x36"" aperture",From new raw data
42,r (SDSS) AB,13.03,+/-0.05,mag,4.86E14,0.0223,0.00103,0.00103,,,+/-1.03E-03,Jy,2014ApJS..212...18B,uncertainty,6165   A,Broad-band measurement,233.73850000 23.50317000 (J2000),Flux in fixed aperture,"80""x36"" aperture",From new raw data; Extinction-corrected for Milky Way
45,H{alpha} (WHT),3.1E-14,+/-15  %,ergs/s/cm^2^/A,4.57E14,0.0446,0.00669,0.00669,,,+/-6.69E-03,Jy,2004ApJ...602..181C,uncertainty,6563   A,Line measurement; flux integrated over line; lines measured in emission,,Flux integrated from map,Circumnuclear flux,From new raw data
49,R_T (VATT),12.471,+/-0.020,mag,4.33E14,0.0297,5.58E-4,5.58E-4,,,+/-5.58E-04,Jy,2005ApJ...630..784T,uncertainty,6930   A,Broad-band measurement,15 34 56.33 +23 29 33.8 (J2000),Total flux,,From new raw data; derived from a flux in a different bandand a color; Standard Johnson UBVRI filters assumed
50,i (SDSS) AB,12.73,+/-0.05,mag,4.01E14,0.0294,0.00135,0.00135,,,+/-1.35E-03,Jy,2014ApJS..212...18B,uncertainty,7480   A,Broad-band measurement,233.73850000 23.50317000 (J2000),Flux in fixed aperture,"80""x36"" aperture",From new raw data
51,i (SDSS) AB,12.64,+/-0.05,mag,4.01E14,0.0319,0.00147,0.00147,,,+/-1.47E-03,Jy,2014ApJS..212...18B,uncertainty,7480   A,Broad-band measurement,233.73850000 23.50317000 (J2000),Flux in fixed aperture,"80""x36"" aperture",From new raw data; Extinction-corrected for Milky Way
52,I (UH),12.25,+/-0.07,mag,3.79E14,0.0321,0.00207,0.00207,,,+/-2.07E-03,Jy,2000ApJ...529..170S,uncertainty,7900   A,Broad-band measurement,15 34 57.3 +23 30 11.9 (J2000),Flux in fixed aperture,,From new raw data
53,I (UH),14.7,+/-0.1,mag,3.79E14,0.00336,3.1E-4,3.1E-4,,,+/-3.10E-04,Jy,2000ApJ...529..170S,uncertainty,7900   A,Broad-band measurement,15 34 57.3 +23 30 11.9 (J2000),Flux in fixed aperture,Nuclear mag,From new raw data
54,z (SDSS) AB,12.48,+/-0.05,mag,3.36E14,0.0371,0.00171,0.00171,,,+/-1.71E-03,Jy,2014ApJS..212...18B,uncertainty,8931   A,Broad-band measurement,233.73850000 23.50317000 (J2000),Flux in fixed aperture,"80""x36"" aperture",From new raw data
55,z (SDSS) AB,12.41,+/-0.05,mag,3.36E14,0.0395,0.00182,0.00182,,,+/-1.82E-03,Jy,2014ApJS..212...18B,uncertainty,8931   A,Broad-band measurement,233.73850000 23.50317000 (J2000),Flux in fixed aperture,"80""x36"" aperture",From new raw data; Extinction-corrected for Milky Way
56,J (ESO/SPM),27.8,+/-1.85,milliJy,2.5E14,0.0278,0.00185,0.00185,,,+/-1.85E-03,Jy,1995ApJ...453..616S,rms uncertainty,1.198      microns,Broad-band measurement,153246.8 +234007 (B1950),Flux in fixed aperture,"15"" aperture",From new raw data
57,J (2MASS) AB,11.93,+/-0.05,mag,2.43E14,0.0612,0.00282,0.00282,,,+/-2.82E-03,Jy,2014ApJS..212...18B,uncertainty,12320   A,Broad-band measurement,233.73850000 23.50317000 (J2000),Flux in fixed aperture,"80""x36"" aperture",From new raw data; Extinction-corrected for Milky Way
58,J (2MASS) AB,11.97,+/-0.05,mag,2.43E14,0.0591,0.00272,0.00272,,,+/-2.72E-03,Jy,2014ApJS..212...18B,uncertainty,12320   A,Broad-band measurement,233.73850000 23.50317000 (J2000),Flux in fixed aperture,"80""x36"" aperture",From new raw data
59,F_J (total),1.9,+/-1.31,log milliJy,2.41E14,0.0794,0.0206,0.0206,,,+/-2.06E-02,Jy,1995ApJ...453..616S,1 sigma,1.244      microns,Broad-band measurement,,Corrected to total flux from single aperture measurement,,Homogenized from new and previously published data
60,J_20 (2MASS LGA),11.21,+/-0.019,mag,2.4E14,0.0522,9.22E-4,9.22E-4,,,+/-9.22E-04,Jy,2003AJ....125..525J,1 sigma uncert.,1.25      microns,Broad-band measurement,153457.27 +233010.5 (J2000),Flux integrated from map,45.0 x   45.0 arcsec integration area.,From new raw data
61,J_14arcsec (2MASS),12.041,+/-0.017,mag,2.4E14,0.0243,3.83E-4,3.83E-4,,,+/-3.83E-04,Jy,20032MASX.C.......:,1 sigma uncert.,1.25      microns,Broad-band measurement,153457.27 +233010.5 (J2000),Flux in fixed aperture,14.0 x 14.0 arcsec aperture,From new raw data
62,J_tot (2MASS LGA),11.035,+/-0.026,mag,2.4E14,0.0614,0.00149,0.00149,,,+/-1.49E-03,Jy,2003AJ....125..525J,1 sigma uncert.,1.25      microns,Broad-band measurement,153457.27 +233010.5 (J2000),Total flux,,From new raw data
63,J_Kron (2MASS LGA),11.21,+/-0.019,mag,2.4E14,0.0522,9.22E-4,9.22E-4,,,+/-9.22E-04,Jy,2003AJ....125..525J,1 sigma uncert.,1.25      microns,Broad-band measurement,153457.27 +233010.5 (J2000),Flux integrated from map,45.0 x   45.0 arcsec integration area.,From new raw data
64,H (ESO/SPM),45.1,+/-3.00,milliJy,1.9E14,0.0451,0.003,0.003,,,+/-3.00E-03,Jy,1995ApJ...453..616S,rms uncertainty,1.580      microns,Broad-band measurement,153246.8 +234007 (B1950),Flux in fixed aperture,"15"" aperture",From new raw data
65,F_H (total),2.16,+/-1.57,log milliJy,1.84E14,0.145,0.0374,0.0374,,,+/-3.74E-02,Jy,1995ApJ...453..616S,1 sigma,1.634      microns,Broad-band measurement,,Corrected to total flux from single aperture measurement,,Homogenized from new and previously published data
66,H_20 (2MASS LGA),10.413,+/-0.019,mag,1.82E14,0.07,0.00124,0.00124,,,+/-1.24E-03,Jy,2003AJ....125..525J,1 sigma uncert.,1.65      microns,Broad-band measurement,153457.27 +233010.5 (J2000),Flux integrated from map,45.0 x   45.0 arcsec integration area.,From new raw data
67,H (UH),10.93,+/-0.07,mag,1.82E14,0.0442,0.00285,0.00285,,,+/-2.85E-03,Jy,2000ApJ...529..170S,uncertainty,1.65   microns,Broad-band measurement,15 34 57.3 +23 30 11.9 (J2000),Flux in fixed aperture,,From new raw data
68,H (UH),11.6,+/-0.1,mag,1.82E14,0.0238,0.00219,0.00219,,,+/-2.19E-03,Jy,2000ApJ...529..170S,uncertainty,1.65   microns,Broad-band measurement,15 34 57.3 +23 30 11.9 (J2000),Flux in fixed aperture,Nuclear mag,From new raw data
69,H_Kron (2MASS LGA),10.412,+/-0.019,mag,1.82E14,0.0701,0.00124,0.00124,,,+/-1.24E-03,Jy,2003AJ....125..525J,1 sigma uncert.,1.65      microns,Broad-band measurement,153457.27 +233010.5 (J2000),Flux integrated from map,45.0 x   45.0 arcsec integration area.,From new raw data
70,H_tot (2MASS LGA),10.306,+/-0.028,mag,1.82E14,0.0772,0.00202,0.00202,,,+/-2.02E-03,Jy,2003AJ....125..525J,1 sigma uncert.,1.65      microns,Broad-band measurement,153457.27 +233010.5 (J2000),Total flux,,From new raw data
71,H_14arcsec (2MASS),11.107,+/-0.017,mag,1.82E14,0.0369,5.83E-4,5.83E-4,,,+/-5.83E-04,Jy,20032MASX.C.......:,1 sigma uncert.,1.65      microns,Broad-band measurement,153457.27 +233010.5 (J2000),Flux in fixed aperture,14.0 x 14.0 arcsec aperture,From new raw data
72,H (2MASS) AB,11.76,+/-0.06,mag,1.82E14,0.072,0.004,0.004,,,+/-4.00E-03,Jy,2014ApJS..212...18B,uncertainty,16440   A,Broad-band measurement,233.73850000 23.50317000 (J2000),Flux in fixed aperture,"80""x36"" aperture",From new raw data
73,H (2MASS) AB,11.73,+/-0.06,mag,1.82E14,0.0737,0.00409,0.00409,,,+/-4.09E-03,Jy,2014ApJS..212...18B,uncertainty,16440   A,Broad-band measurement,233.73850000 23.50317000 (J2000),Flux in fixed aperture,"80""x36"" aperture",From new raw data; Extinction-corrected for Milky Way
74,K' (UH),10.9,+/-0.1,mag,1.41E14,0.031,0.00285,0.00285,,,+/-2.85E-03,Jy,2000ApJ...529..170S,uncertainty,2.12   microns,Broad-band measurement,15 34 57.3 +23 30 11.9 (J2000),Flux in fixed aperture,Nuclear mag,From new raw data
75,K' (UH),10.62,+/-0.07,mag,1.41E14,0.0401,0.00259,0.00259,,,+/-2.59E-03,Jy,2000ApJ...529..170S,uncertainty,2.12   microns,Broad-band measurement,15 34 57.3 +23 30 11.9 (J2000),Flux in fixed aperture,,From new raw data
76,Ks (2MASS) AB,11.66,+/-0.05,mag,1.39E14,0.0787,0.00363,0.00363,,,+/-3.63E-03,Jy,2014ApJS..212...18B,uncertainty,21590   A,Broad-band measurement,233.73850000 23.50317000 (J2000),Flux in fixed aperture,"80""x36"" aperture",From new raw data
77,Ks (2MASS) AB,11.64,+/-0.05,mag,1.39E14,0.08,0.00368,0.00368,,,+/-3.68E-03,Jy,2014ApJS..212...18B,uncertainty,21590   A,Broad-band measurement,233.73850000 23.50317000 (J2000),Flux in fixed aperture,"80""x36"" aperture",From new raw data; Extinction-corrected for Milky Way
78,K_20 (2MASS LGA),9.957,+/-0.023,mag,1.38E14,0.0694,0.00149,0.00149,,,+/-1.49E-03,Jy,2003AJ....125..525J,1 sigma uncert.,2.17      microns,Broad-band measurement,153457.27 +233010.5 (J2000),Flux integrated from map,45.0 x   45.0 arcsec integration area.,From new raw data
79,K_Kron (2MASS LGA),9.957,+/-0.023,mag,1.38E14,0.0694,0.00149,0.00149,,,+/-1.49E-03,Jy,2003AJ....125..525J,1 sigma uncert.,2.17      microns,Broad-band measurement,153457.27 +233010.5 (J2000),Flux integrated from map,45.0 x   45.0 arcsec integration area.,From new raw data
80,K_tot (2MASS LGA),9.852,+/-0.036,mag,1.38E14,0.0764,0.00258,0.00258,,,+/-2.58E-03,Jy,2003AJ....125..525J,1 sigma uncert.,2.17      microns,Broad-band measurement,153457.27 +233010.5 (J2000),Total flux,,From new raw data
81,K_s_14arcsec (2MASS),10.548,+/-0.018,mag,1.38E14,0.0403,6.73E-4,6.73E-4,,,+/-6.73E-04,Jy,20032MASX.C.......:,1 sigma uncert.,2.17      microns,Broad-band measurement,153457.27 +233010.5 (J2000),Flux in fixed aperture,14.0 x 14.0 arcsec aperture,From new raw data
82,F_K (total),2.09,+/-1.50,log milliJy,1.37E14,0.123,0.0319,0.0319,,,+/-3.19E-02,Jy,1995ApJ...453..616S,1 sigma,2.194      microns,Broad-band measurement,,Corrected to total flux from single aperture measurement,,Homogenized from new and previously published data
83,K (ESO/SPM),41.4,+/-2.76,milliJy,1.36E14,0.0414,0.00276,0.00276,,,+/-2.76E-03,Jy,1995ApJ...453..616S,rms uncertainty,2.210      microns,Broad-band measurement,153246.8 +234007 (B1950),Flux in fixed aperture,"15"" aperture",From new raw data
87,W1 (WISE),10.068,+/-0.022,mag,8.95E13,0.0291,5.89E-4,5.89E-4,,,+/-5.89E-04,Jy,2014A&A...570A.110Z,uncertainty,3.35 microns,Broad-band measurement,15 34 57.24 +23 30 11.4 (J2000),From fitting to map,,Averaged from previously published data
88,3.4 microns WISE AB,12.3,+/-0.10,mag,8.93E13,0.0436,0.00402,0.00402,,,+/-4.02E-03,Jy,2014ApJS..212...18B,uncertainty,33570   A,Broad-band measurement,233.73850000 23.50317000 (J2000),Flux in fixed aperture,"80""x36"" aperture; PSF corr",From new raw data; Extinction-corrected for Milky Way
89,3.4 microns WISE AB,12.31,+/-0.10,mag,8.93E13,0.0432,0.00398,0.00398,,,+/-3.98E-03,Jy,2014ApJS..212...18B,uncertainty,33570   A,Broad-band measurement,233.73850000 23.50317000 (J2000),Flux in fixed aperture,"80""x36"" aperture; PSF corr",From new raw data
90,3.6 microns IRAC AB,12.26,+/-0.10,mag,8.46E13,0.0453,0.00417,0.00417,,,+/-4.17E-03,Jy,2014ApJS..212...18B,uncertainty,35440   A,Broad-band measurement,233.73850000 23.50317000 (J2000),Flux in fixed aperture,"80""x36"" aperture",From new raw data
91,3.6 microns IRAC AB,12.25,+/-0.10,mag,8.46E13,0.0457,0.00421,0.00421,,,+/-4.21E-03,Jy,2014ApJS..212...18B,uncertainty,35440   A,Broad-band measurement,233.73850000 23.50317000 (J2000),Flux in fixed aperture,"80""x36"" aperture",From new raw data; Extinction-corrected for Milky Way
94,4.5 microns IRAC AB,12.35,+/-0.10,mag,6.68E13,0.0418,0.00385,0.00385,,,+/-3.85E-03,Jy,2014ApJS..212...18B,uncertainty,44870   A,Broad-band measurement,233.73850000 23.50317000 (J2000),Flux in fixed aperture,"80""x36"" aperture",From new raw data; Extinction-corrected for Milky Way
95,4.5 microns IRAC AB,12.36,+/-0.10,mag,6.68E13,0.0415,0.00382,0.00382,,,+/-3.82E-03,Jy,2014ApJS..212...18B,uncertainty,44870   A,Broad-band measurement,233.73850000 23.50317000 (J2000),Flux in fixed aperture,"80""x36"" aperture",From new raw data
96,W2 (WISE),9.327,+/-0.019,mag,6.52E13,0.0319,5.59E-4,5.59E-4,,,+/-5.59E-04,Jy,2014A&A...570A.110Z,uncertainty,4.6 microns,Broad-band measurement,15 34 57.24 +23 30 11.4 (J2000),From fitting to map,,Averaged from previously published data
97,4.6 microns WISE AB,12.42,+/-0.10,mag,6.51E13,0.0391,0.0036,0.0036,,,+/-3.60E-03,Jy,2014ApJS..212...18B,uncertainty,46060   A,Broad-band measurement,233.73850000 23.50317000 (J2000),Flux in fixed aperture,"80""x36"" aperture; PSF corr",From new raw data; Extinction-corrected for Milky Way
98,4.6 microns WISE AB,12.43,+/-0.10,mag,6.51E13,0.0389,0.00358,0.00358,,,+/-3.58E-03,Jy,2014ApJS..212...18B,uncertainty,46060   A,Broad-band measurement,233.73850000 23.50317000 (J2000),Flux in fixed aperture,"80""x36"" aperture; PSF corr",From new raw data
99,H_2S(7) (Spitzer),6.332E-13,+/-0.467E-13,erg/s/cm^2^,5.45E13,0.00116,8.57E-5,8.57E-5,,,+/-8.57E-05,Jy,2014ApJ...790..124S,uncertainty,5.5 microns,Broad-band measurement,,From fitting to map,,From new raw data
101,5.8 microns IRAC AB,11.27,+/-0.10,mag,5.25E13,0.113,0.0104,0.0104,,,+/-1.04E-02,Jy,2014ApJS..212...18B,uncertainty,57100   A,Broad-band measurement,233.73850000 23.50317000 (J2000),Flux in fixed aperture,"80""x36"" aperture",From new raw data
102,5.8 microns IRAC AB,11.26,+/-0.10,mag,5.25E13,0.114,0.0105,0.0105,,,+/-1.05E-02,Jy,2014ApJS..212...18B,uncertainty,57100   A,Broad-band measurement,233.73850000 23.50317000 (J2000),Flux in fixed aperture,"80""x36"" aperture",From new raw data; Extinction-corrected for Milky Way
103,6 microns (Spitzer),69.3,,milliJy,5.0E13,0.0693,,,,,,Jy,2009ApJS..182..628V,no uncertainty reported,6 microns,Broad-band measurement,,Flux integrated from map,From IRS spectra with 3.3% bandpass,From new raw data
104,H_2S(6) (Spitzer),,<1.550E-13,erg/s/cm^2^,4.91E13,,,,3.16E-4,,<3.16E-04,Jy,2014ApJ...790..124S,3 sigma,6.1 microns,Broad-band measurement,,From fitting to map,,From new raw data
108,6.2 microns Spitzer,7.87E-12,+/-0.113E-12,erg/s/cm^2^,4.84E13,0.0163,2.33E-4,2.33E-4,,,+/-2.33E-04,Jy,2014ApJ...790..124S,uncertainty,6.2 microns,Broad-band measurement,,From fitting to map,,From new raw data
109,LW2 (ISOCAM),191.0,+/-10,milliJy,4.44E13,0.191,0.0191,0.0191,,,+/-1.91E-02,Jy,2004A&A...419..501F,estimated error,6.75   microns,Broad-band measurement,,Flux in fixed aperture,"2."" diameter aperture",From reprocessed raw data
110,H_2S(5) (Spitzer),1.674E-13,+/-0.331E-13,erg/s/cm^2^,4.34E13,3.86E-4,7.63E-5,7.63E-5,,,+/-7.63E-05,Jy,2014ApJ...790..124S,uncertainty,6.9 microns,Broad-band measurement,,From fitting to map,,From new raw data
111,7.7 microns Spitzer,3.7326E-11,+/-0.424E-12,erg/s/cm^2^,3.89E13,0.096,0.00109,0.00109,,,+/-1.09E-03,Jy,2014ApJ...790..124S,uncertainty,7.7 microns,Broad-band measurement,,From fitting to map,,From new raw data
112,8.0 microns IRAC AB,10.16,+/-0.10,mag,3.82E13,0.315,0.029,0.029,,,+/-2.90E-02,Jy,2014ApJS..212...18B,uncertainty,78410   A,Broad-band measurement,233.73850000 23.50317000 (J2000),Flux in fixed aperture,"80""x36"" aperture",From new raw data; Extinction-corrected for Milky Way
113,8.0 microns IRAC AB,10.16,+/-0.10,mag,3.82E13,0.314,0.0289,0.0289,,,+/-2.89E-02,Jy,2014ApJS..212...18B,uncertainty,78410   A,Broad-band measurement,233.73850000 23.50317000 (J2000),Flux in fixed aperture,"80""x36"" aperture",From new raw data
114,7.9 microns Spitzer,582.2,,milliJy,3.79E13,0.582,,,,,,Jy,2011ApJ...730...19S,no uncertainty reported,7.9 microns,Broad-band measurement,15 34 57.24 +23 30 11.7 (J2000),Flux integrated from map,,From reprocessed raw data
115,8 microns (Spitzer),500.0,+/-5   %,milliJy,3.75E13,0.5,0.025,0.025,,,+/-2.50E-02,Jy,2009ApJ...698.1682W,typical accuracy,8 microns,Broad-band measurement,15 34 57.10 +23 30 11.0 (J2000),Peak flux,,From reprocessed raw data
116,H_2S(4) (Spitzer),1.4492E-12,+/-1.504E-13,erg/s/cm^2^,3.75E13,0.00386,4.01E-4,4.01E-4,,,+/-4.01E-04,Jy,2014ApJ...790..124S,uncertainty,8.0 microns,Broad-band measurement,,From fitting to map,,From new raw data
119,H_2S(3) (Spitzer),3.408E-13,+/-0.551E-13,erg/s/cm^2^,3.09E13,0.0011,1.78E-4,1.78E-4,,,+/-1.78E-04,Jy,2014ApJ...790..124S,uncertainty,9.7 microns,Broad-band measurement,,From fitting to map,,From new raw data
120,10 microns (ISO),0.147,+/-30  %,Jy,3.0E13,0.147,0.0441,0.0441,,,+/-4.41E-02,Jy,2001A&A...379..823K,uncertainty,10         microns,Broad-band measurement,,Flux in fixed aperture,"Aperture 52""",From new raw data
123,10.8 microns MIRLIN,142.0,+/-8,milliJy,2.78E13,0.142,0.008,0.008,,,+/-8.00E-03,Jy,2004ApJ...605..156G,statistical error,10.8   microns,Broad-band measurement,,Flux in fixed aperture,"1.5"" diam aperture",From new raw data
127,11.3 microns Spitzer,9.771E-12,+/-0.223E-12,erg/s/cm^2^,2.65E13,0.0369,8.42E-4,8.42E-4,,,+/-8.42E-04,Jy,2014ApJ...790..124S,uncertainty,11.3 microns,Broad-band measurement,,From fitting to map,,From new raw data
128,W3 (WISE),4.587,+/-0.015,mag,2.59E13,0.463,0.0064,0.0064,,,+/-6.40E-03,Jy,2014A&A...570A.110Z,uncertainty,11.56 microns,Broad-band measurement,15 34 57.24 +23 30 11.4 (J2000),From fitting to map,,Averaged from previously published data
129,12 microns WISE AB,9.66,+/-0.10,mag,2.54E13,0.497,0.0458,0.0458,,,+/-4.58E-02,Jy,2014ApJS..212...18B,uncertainty,118100   A,Broad-band measurement,233.73850000 23.50317000 (J2000),Flux in fixed aperture,"80""x36"" aperture; PSF corr",From new raw data; Extinction-corrected for Milky Way
130,12 microns WISE AB,9.66,+/-0.10,mag,2.54E13,0.496,0.0457,0.0457,,,+/-4.57E-02,Jy,2014ApJS..212...18B,uncertainty,118100   A,Broad-band measurement,233.73850000 23.50317000 (J2000),Flux in fixed aperture,"80""x36"" aperture; PSF corr",From new raw data
131,12 microns (ISO),0.6,+/-30  %,Jy,2.52E13,0.6,0.18,0.18,,,+/-1.80E-01,Jy,2001A&A...379..823K,uncertainty,12         microns,Broad-band measurement,,Flux in fixed aperture,"Aperture 52""",From new raw data
132,12 microns (IRAS),0.61,+/-0.021,Jy,2.5E13,0.61,0.021,0.021,,,+/-2.10E-02,Jy,2003AJ....126.1607S,1 sigma,12   microns,Broad-band measurement,15 34 57.1 +23 30 10 (J2000),Total flux,"Size, Method, Flag codes: RI;see paper",From reprocessed raw data
133,12 microns (IRAS),0.4837,+/-5   %,Jy,2.5E13,0.484,0.0242,0.0242,,,+/-2.42E-02,Jy,1990IRASF.C...0000M,uncertainty,12        microns,Broad-band measurement,153246.8 +234007 (B1950),Flux in fixed aperture,IRAS quality flag = 3,From new raw data
134,12 microns (IRAS),0.64,+/-0.029,Jy,2.5E13,0.64,0.029,0.029,,,+/-2.90E-02,Jy,1989AJ.....98..766S,rms noise,12         microns,Broad-band measurement,153246.3 +234008 (B1950),Integrated from scans,Marginally resolved with 0.77' beam,From reprocessed raw data
136,H_2S(2) (Spitzer),4.526E-13,+/-0.756E-13,erg/s/cm^2^,2.44E13,0.00185,3.1E-4,3.1E-4,,,+/-3.10E-04,Jy,2014ApJ...790..124S,uncertainty,12.3 microns,Broad-band measurement,,From fitting to map,,From new raw data
142,14 microns (IRS),0.93,,Jy,2.14E13,0.93,,,,,,Jy,2007ApJ...659..296L,no uncertainty reported,14   microns,Broad-band measurement,,Flux integrated from map,S/N = 150,From reprocessed raw data
147,15 microns (Spitzer),1116.3,,milliJy,2.0E13,1.12,,,,,,Jy,2009ApJS..182..628V,no uncertainty reported,15 microns,Broad-band measurement,,Flux integrated from map,From IRS spectra with 3.3% bandpass,From new raw data
148,LW3 (ISOCAM),765.0,+/-20,milliJy,2.0E13,0.765,0.153,0.153,,,+/-1.53E-01,Jy,2004A&A...419..501F,estimated error,15.0   microns,Broad-band measurement,,Flux in fixed aperture,"2."" diameter aperture",From reprocessed raw data
149,15 microns (ISO),1.14,+/-30  %,Jy,1.98E13,1.14,0.342,0.342,,,+/-3.42E-01,Jy,2001A&A...379..823K,uncertainty,15         microns,Broad-band measurement,,Flux in fixed aperture,"Aperture 52""",From new raw data
154,17 microns Spitzer,1.1447E-11,+/-0.417E-12,erg/s/cm^2^,1.76E13,0.0651,0.00237,0.00237,,,+/-2.37E-03,Jy,2014ApJ...790..124S,uncertainty,17.0 microns,Broad-band measurement,,From fitting to map,,From new raw data
155,H_2S(1) (Spitzer),1.1771E-12,+/-1.369E-13,erg/s/cm^2^,1.76E13,0.00669,7.78E-4,7.78E-4,,,+/-7.78E-04,Jy,2014ApJ...790..124S,uncertainty,17.0 microns,Broad-band measurement,,From fitting to map,,From new raw data
160,20 microns (Spitzer),2148.1,,milliJy,1.5E13,2.15,,,,,,Jy,2009ApJS..182..628V,no uncertainty reported,20 microns,Broad-band measurement,,Flux integrated from map,From IRS spectra with 3.3% bandpass,From new raw data
161,W4 (WISE),0.644,+/-0.008,mag,1.36E13,4.62,0.0341,0.0341,,,+/-3.41E-02,Jy,2014A&A...570A.110Z,uncertainty,22.08 microns,Broad-band measurement,15 34 57.24 +23 30 11.4 (J2000),From fitting to map,,Averaged from previously published data
162,22 microns WISE AB,7.43,+/-0.10,mag,1.35E13,3.86,0.356,0.356,,,+/-3.56E-01,Jy,2014ApJS..212...18B,uncertainty,221400   A,Broad-band measurement,233.73850000 23.50317000 (J2000),Flux in fixed aperture,"80""x36"" aper; PSF and filter curve corr",From new raw data; Extinction-corrected for Milky Way
163,22 microns WISE AB,7.14,+/-0.10,mag,1.35E13,5.05,0.465,0.465,,,+/-4.65E-01,Jy,2014ApJS..212...18B,uncertainty,221400   A,Broad-band measurement,233.73850000 23.50317000 (J2000),Flux in fixed aperture,"80""x36"" aperture; PSF corr",From new raw data; Extinction-corrected for Milky Way
164,22 microns WISE AB,7.14,+/-0.10,mag,1.35E13,5.04,0.465,0.465,,,+/-4.65E-01,Jy,2014ApJS..212...18B,uncertainty,221400   A,Broad-band measurement,233.73850000 23.50317000 (J2000),Flux in fixed aperture,"80""x36"" aperture; PSF corr",From new raw data
165,22 microns WISE AB,7.43,+/-0.10,mag,1.35E13,3.86,0.355,0.355,,,+/-3.55E-01,Jy,2014ApJS..212...18B,uncertainty,221400   A,Broad-band measurement,233.73850000 23.50317000 (J2000),Flux in fixed aperture,"80""x36"" aper; PSF and filter curve corr",From new raw data
166,24 microns MIPS AB,7.03,+/-0.10,mag,1.28E13,5.57,0.513,0.513,,,+/-5.13E-01,Jy,2014ApJS..212...18B,uncertainty,235100   A,Broad-band measurement,233.73850000 23.50317000 (J2000),Flux in fixed aperture,"80""x36"" aperture; PSF corr",From new raw data; Extinction-corrected for Milky Way
167,24 microns MIPS AB,7.04,+/-0.10,mag,1.28E13,5.57,0.513,0.513,,,+/-5.13E-01,Jy,2014ApJS..212...18B,uncertainty,235100   A,Broad-band measurement,233.73850000 23.50317000 (J2000),Flux in fixed aperture,"80""x36"" aperture; PSF corr",From new raw data
168,25 microns (ISO),8.28,+/-30  %,Jy,1.26E13,8.28,2.48,2.48,,,+/-2.48E+00,Jy,2001A&A...379..823K,uncertainty,25         microns,Broad-band measurement,,Flux in fixed aperture,"Aperture 52""",From new raw data
171,25 microns (IRAS),8.0,+/-0.034,Jy,1.2E13,8.0,0.034,0.034,,,+/-3.40E-02,Jy,2003AJ....126.1607S,1 sigma,25   microns,Broad-band measurement,15 34 57.1 +23 30 10 (J2000),Total flux,"Size, Method, Flag codes: UT;see paper",From reprocessed raw data
172,25 microns (Spitzer),6.966,,Jy,1.2E13,6.97,,,,,,Jy,2011ApJ...730...19S,no uncertainty reported,25 microns,Broad-band measurement,15 34 57.24 +23 30 11.7 (J2000),Flux in fixed aperture,,From reprocessed raw data
173,25 microns (Spitzer),9600.5,,milliJy,1.2E13,9.6,,,,,,Jy,2009ApJS..182..628V,no uncertainty reported,25 microns,Broad-band measurement,,Flux integrated from map,From IRS spectra with 3.3% bandpass,From new raw data
174,25 microns (IRAS),7.92,+/-0.038,Jy,1.2E13,7.92,0.038,0.038,,,+/-3.80E-02,Jy,1989AJ.....98..766S,rms noise,25         microns,Broad-band measurement,153246.3 +234008 (B1950),Integrated from scans,Unresolved with 0.78' beam,From reprocessed raw data
175,25 microns (IRAS),7.907,+/-5   %,Jy,1.2E13,7.91,0.0242,0.0242,,,+/-2.42E-02,Jy,1990IRASF.C...0000M,uncertainty,25        microns,Broad-band measurement,153246.8 +234007 (B1950),Flux in fixed aperture,IRAS quality flag = 3,From new raw data
180,H_2S(0) (Spitzer),,<0.810E-13,erg/s/cm^2^,1.06E13,,,,7.64E-4,,<7.64E-04,Jy,2014ApJ...790..124S,3 sigma,28.2 microns,Broad-band measurement,,From fitting to map,,From new raw data
181,30 microns (Spitzer),22871.5,,milliJy,9.99E12,22.9,,,,,,Jy,2009ApJS..182..628V,no uncertainty reported,30 microns,Broad-band measurement,,Flux integrated from map,From IRS spectra with 3.3% bandpass,From new raw data
185,52 microns (ISO),120.9,+/-10.8,Jy,5.77E12,121.0,10.8,10.8,,,+/-1.08E+01,Jy,2008ApJS..178..280B,uncertainty,52 microns,Broad-band measurement,15 34 57.34 +23 30 11.9 (J2000),Flux integrated from map,,From new raw data
186,57 microns (ISO),134.2,+/-11.8,Jy,5.26E12,134.0,11.8,11.8,,,+/-1.18E+01,Jy,2008ApJS..178..280B,uncertainty,57 microns,Broad-band measurement,15 34 57.34 +23 30 11.9 (J2000),Flux integrated from map,,From new raw data
187,60 microns (IRAS),104.09,+/-0.112,Jy,5.0E12,104.0,0.112,0.112,,,+/-1.12E-01,Jy,2003AJ....126.1607S,1 sigma,60   microns,Broad-band measurement,15 34 57.1 +23 30 10 (J2000),Total flux,"Size, Method, Flag codes: UT;see paper",From reprocessed raw data
188,60 microns (IRAS),103.8,+/-4   %,Jy,5.0E12,104.0,4.15,4.15,,,+/-4.15E+00,Jy,1990IRASF.C...0000M,uncertainty,60        microns,Broad-band measurement,153246.8 +234007 (B1950),Flux in fixed aperture,IRAS quality flag = 3,From new raw data
189,60 microns (IRAS),103.33,+/-0.144,Jy,5.0E12,103.0,0.144,0.144,,,+/-1.44E-01,Jy,1989AJ.....98..766S,rms noise,60         microns,Broad-band measurement,153246.3 +234008 (B1950),Integrated from scans,Unresolved with 1.44' beam,From reprocessed raw data
190,60 microns (ISO),113.35,+/-30  %,Jy,4.93E12,113.0,34.0,34.0,,,+/-3.40E+01,Jy,2001A&A...379..823K,uncertainty,60         microns,Broad-band measurement,,Flux integrated from map,"Aperture 46"" x 46""",From new raw data
191,63 microns (ISO),148.1,+/-15.0,Jy,4.76E12,148.0,15.0,15.0,,,+/-1.50E+01,Jy,2008ApJS..178..280B,uncertainty,63 microns,Broad-band measurement,15 34 57.34 +23 30 11.9 (J2000),Flux integrated from map,,From new raw data
192,88 microns (ISO),151.4,+/-18.7,Jy,3.41E12,151.0,18.7,18.7,,,+/-1.87E+01,Jy,2008ApJS..178..280B,uncertainty,88 microns,Broad-band measurement,15 34 57.34 +23 30 11.9 (J2000),Flux integrated from map,,From new raw data
193,90 microns (ISO),111.5,+/-30  %,Jy,3.15E12,112.0,33.5,33.5,,,+/-3.35E+01,Jy,2001A&A...379..823K,uncertainty,90         microns,Broad-band measurement,,Flux integrated from map,"Aperture 46"" x 46""",From new raw data
194,100 microns (IRAS),115.29,+/-0.138,Jy,3.0E12,115.0,0.138,0.138,,,+/-1.38E-01,Jy,2003AJ....126.1607S,1 sigma,100   microns,Broad-band measurement,15 34 57.1 +23 30 10 (J2000),Total flux,"Size, Method, Flag codes: UT;see paper",From reprocessed raw data
195,100 microns (IRAS),113.95,+/-0.207,Jy,3.0E12,114.0,0.207,0.207,,,+/-2.07E-01,Jy,1989AJ.....98..766S,rms noise,100        microns,Broad-band measurement,153246.3 +234008 (B1950),Integrated from scans,Unresolved with 2.94' beam,From reprocessed raw data
196,100 microns (IRAS),112.4,+/-3   %,Jy,3.0E12,112.0,3.37,3.37,,,+/-3.37E+00,Jy,1990IRASF.C...0000M,uncertainty,100       microns,Broad-band measurement,153246.8 +234007 (B1950),Flux in fixed aperture,IRAS quality flag = 2,From new raw data
197,120 microns (ISO),109.0,+/-30  %,Jy,2.52E12,109.0,32.7,32.7,,,+/-3.27E+01,Jy,2001A&A...379..823K,uncertainty,120        microns,Broad-band measurement,,Flux integrated from map,"Aperture 184"" x 184""",From new raw data
198,120 microns (ISO),117.3,+/-0.20,Jy,2.52E12,117.0,0.2,0.2,,,+/-2.00E-01,Jy,2002ApJ...572..105S,1 sigma uncert.,119.0      microns,Broad-band measurement,,From fitting to map,,From new raw data
199,122 microns (ISO),118.4,+/-9.5,Jy,2.46E12,118.0,9.5,9.5,,,+/-9.50E+00,Jy,2008ApJS..178..280B,uncertainty,122 microns,Broad-band measurement,15 34 57.34 +23 30 11.9 (J2000),Flux integrated from map,,From new raw data
200,145 microns (ISO),100.2,+/-10.1,Jy,2.07E12,100.0,10.1,10.1,,,+/-1.01E+01,Jy,2008ApJS..178..280B,uncertainty,145 microns,Broad-band measurement,15 34 57.34 +23 30 11.9 (J2000),Flux integrated from map,,From new raw data
201,158 microns (ISO),84.5,+/-8.5,Jy,1.9E12,84.5,8.5,8.5,,,+/-8.50E+00,Jy,2008ApJS..178..280B,uncertainty,158 microns,Broad-band measurement,15 34 57.34 +23 30 11.9 (J2000),Flux integrated from map,,From new raw data
202,150 microns (ISO),79.4,+/-0.27,Jy,1.86E12,79.4,0.27,0.27,,,+/-2.70E-01,Jy,2002ApJ...572..105S,1 sigma uncert.,161.0      microns,Broad-band measurement,,From fitting to map,,From new raw data
203,150 microns (ISO),87.89,+/-30  %,Jy,1.86E12,87.9,26.4,26.4,,,+/-2.64E+01,Jy,2001A&A...379..823K,uncertainty,150        microns,Broad-band measurement,,Flux integrated from map,"Aperture 184"" x 184""",From new raw data
204,170 microns (ISO),77.1,+/-6.7,Jy,1.76E12,77.1,6.7,6.7,,,+/-6.70E+00,Jy,2008ApJS..178..280B,uncertainty,170 microns,Broad-band measurement,15 34 57.34 +23 30 11.9 (J2000),Flux integrated from map,,From new raw data
205,170 microns (ISO),71.4,+/-0.10,Jy,1.72E12,71.4,0.1,0.1,,,+/-1.00E-01,Jy,2002ApJ...572..105S,1 sigma uncert.,174.0      microns,Broad-band measurement,,From fitting to map,,From new raw data
206,180 microns (ISO),41.1,+/-0.100,Jy,1.62E12,41.1,0.1,0.1,,,+/-1.00E-01,Jy,2002ApJ...572..105S,1 sigma uncert.,185.5      microns,Broad-band measurement,,From fitting to map,,From new raw data
207,180 microns (ISO),63.95,+/-30  %,Jy,1.62E12,64.0,19.2,19.2,,,+/-1.92E+01,Jy,2001A&A...379..823K,uncertainty,180        microns,Broad-band measurement,,Flux integrated from map,"Aperture 184"" x 184""",From new raw data
209,200 microns (ISO),31.2,+/-0.30,Jy,1.47E12,31.2,0.3,0.3,,,+/-3.00E-01,Jy,2002ApJ...572..105S,1 sigma uncert.,204.6      microns,Broad-band measurement,,From fitting to map,,From new raw data
210,200 microns (ISO),54.81,+/-30  %,Jy,1.47E12,54.8,16.4,16.4,,,+/-1.64E+01,Jy,2001A&A...379..823K,uncertainty,200        microns,Broad-band measurement,,Flux integrated from map,"Aperture 184"" x 184""",From new raw data
213,250 microns (SPIRE),30.1,+/-1.5,Jy,1.2E12,30.1,1.5,1.5,,,+/-1.50E+00,Jy,2011ApJ...743...94R,uncertainty,250 microns,Broad-band measurement,,Flux integrated from map,,From new raw data
214,250 microns (BLAST),24.2,,Jy,1.2E12,24.2,,,,,,Jy,2008ApJ...681..415T,no uncertainty reported,250 microns,Broad-band measurement,15 34 57.21 +23 30 09.5 (J2000),Modelled datum,,Averaged from previously published data
217,350 microns,9.74,+/-0.34,Jy,8.57E11,9.74,0.34,0.34,,,+/-3.40E-01,Jy,1999CIT...T00R....B,1 sigma,350        microns,Broad-band measurement,,Flux integrated from map,,From new raw data
218,350 microns (SPIRE),11.7,+/-0.6,Jy,8.57E11,11.7,0.6,0.6,,,+/-6.00E-01,Jy,2011ApJ...743...94R,uncertainty,350 microns,Broad-band measurement,,Flux integrated from map,,From new raw data
219,350 microns (BLAST),9.8,,Jy,8.57E11,9.8,,,,,,Jy,2008ApJ...681..415T,no uncertainty reported,350 microns,Broad-band measurement,15 34 57.21 +23 30 09.5 (J2000),Modelled datum,,Averaged from previously published data
220,350 microns,11.7,+/-1.0,Jy,8.57E11,11.7,1.0,1.0,,,+/-1.00E+00,Jy,1996MNRAS.278.1049R,based on count statistics only,350        microns,Broad-band measurement,153457.22 +233011.40 (J2000),Flux in fixed aperture,"8"" FWHP",From new raw data
221,350 microns,10.5,+/-3.3,Jy,8.57E11,10.5,3.3,3.3,,,+/-3.30E+00,Jy,1989ApJ...339..859E,uncertainty,350   microns,Broad-band measurement,,Flux in fixed aperture,"104"" aperture",From new raw data
227,689 GHz (SMA),2.5,+/-0.8,Jy,6.89E11,2.5,0.8,0.8,,,+/-8.00E-01,Jy,2009ApJ...693...56M,uncertainty,689.13 GHz,Broad-band measurement,15 34 57.19 +23 30 11.3 (J2000),Total flux,,From new raw data
228,450 microns,3.0,+/-1.1,Jy,6.67E11,3.0,1.1,1.1,,,+/-1.10E+00,Jy,1989ApJ...339..859E,uncertainty,450   microns,Broad-band measurement,,Flux in fixed aperture,"104"" aperture",From new raw data
229,450 microns (SCUBA),6286.0,+/-786,milliJy,6.66E11,6.29,0.786,0.786,,,+/-7.86E-01,Jy,2001MNRAS.327..697D,uncertainty,450   microns,Broad-band measurement,15 34 57.2 +23 30 11 (J2000),Flux integrated from map,,From new raw data
230,500 microns (SPIRE),3.9,+/-0.2,Jy,6.0E11,3.9,0.2,0.2,,,+/-2.00E-01,Jy,2011ApJ...743...94R,uncertainty,500 microns,Broad-band measurement,,Flux integrated from map,,From new raw data
231,500 microns (BLAST),3.9,,Jy,6.0E11,3.9,,,,,,Jy,2008ApJ...681..415T,no uncertainty reported,500 microns,Broad-band measurement,15 34 57.21 +23 30 09.5 (J2000),Modelled datum,,Averaged from previously published data
237,800 microns,0.825,+/-0.056,Jy,3.75E11,0.825,0.056,0.056,,,+/-5.60E-02,Jy,1996MNRAS.278.1049R,based on count statistics only,800        microns,Broad-band measurement,153457.22 +233011.40 (J2000),Flux in fixed aperture,"19"" FWHP",From new raw data
238,800 microns,1.1,+/-0.4,Jy,3.75E11,1.1,0.4,0.4,,,+/-4.00E-01,Jy,1989ApJ...339..859E,uncertainty,800   microns,Broad-band measurement,,Flux in fixed aperture,"104"" aperture",From new raw data
244,850 microns (SCUBA),455.7,+/-46.9,milliJy,3.53E11,0.456,0.0469,0.0469,,,+/-4.69E-02,Jy,2004MNRAS.352..673A,uncertainty,850 microns,Broad-band measurement,15 34 57.22 +23 30 11.61 (J2000),Flux integrated from map,,From new raw data
245,850 microns (SCUBA),832.0,+/-86,milliJy,3.53E11,0.832,0.086,0.086,,,+/-8.60E-02,Jy,2000MNRAS.315..115D,uncertainty,850       microns,Broad-band measurement,153457.2 +233011 (J2000),Flux integrated from map,,From new raw data; Corrected for contaminating sources
248,0.87 mm (SMA),0.18,+/-10  %,Jy,3.45E11,0.18,0.018,0.018,,,+/-1.80E-02,Jy,2009ApJ...700L.104S,1 sigma,0.87   mm,Broad-band measurement,,Flux integrated from map,East nucleaus flux,From new raw data
249,0.87 mm (SMA),0.49,+/-10  %,Jy,3.45E11,0.49,0.049,0.049,,,+/-4.90E-02,Jy,2009ApJ...700L.104S,1 sigma,0.87   mm,Broad-band measurement,,Flux integrated from map,West nucleaus flux,From new raw data
251,277 GHz (SMA),57.6,+/-16,milliJy,2.77E11,0.0576,0.016,0.016,,,+/-1.60E-02,Jy,2009A&A...493..481A,uncertainty,277  GHz,Broad-band measurement,15 34 57.31 +23 30 11.4 (J2000),Flux integrated from map,East nucleus,From new raw data
252,277 GHz (SMA),152.0,+/-19,milliJy,2.77E11,0.152,0.019,0.019,,,+/-1.90E-02,Jy,2009A&A...493..481A,uncertainty,277  GHz,Broad-band measurement,15 34 57.23 +23 30 11.5 (J2000),Flux integrated from map,West nucleus,From new raw data
253,1.1 mm (SMA),0.07,+/-15  %,Jy,2.73E11,0.07,0.0105,0.0105,,,+/-1.05E-02,Jy,2009ApJ...700L.104S,1 sigma,1.1    mm,Broad-band measurement,,Flux integrated from map,East nucleaus flux,From new raw data
254,1.1 mm (SMA),0.33,+/-0.05,Jy,2.73E11,0.33,0.05,0.05,,,+/-5.00E-02,Jy,2009ApJ...700L.104S,uncertainty,1.1    mm,Broad-band measurement,,Flux integrated from map,,From new raw data
255,1100 microns,0.35,+/-0.019,Jy,2.73E11,0.35,0.019,0.019,,,+/-1.90E-02,Jy,1996MNRAS.278.1049R,based on count statistics only,1100       microns,Broad-band measurement,153457.22 +233011.40 (J2000),Flux in fixed aperture,"19"" FWHP",From new raw data
256,1100 microns,,<0.6,Jy,2.73E11,,,,0.6,,<6.00E-01,Jy,1989ApJ...339..859E,3 sigma,1100   microns,Broad-band measurement,,Flux in fixed aperture,"104"" aperture",From new raw data
257,1.1 mm (SMA),0.2,+/-15  %,Jy,2.73E11,0.2,0.03,0.03,,,+/-3.00E-02,Jy,2009ApJ...700L.104S,1 sigma,1.1    mm,Broad-band measurement,,Flux integrated from map,West nucleaus flux,From new raw data
261,240.904 GHz (SMA),216.0,,milliJy,2.41E11,0.216,,,,,,Jy,2011A&A...527A..36M,no uncertainty reported,240.904 GHz,Broad-band measurement,,Flux integrated from map,"Beam = 2.9"" x 2.2""; PA = -55deg",From new raw data
262,1.25 mm (NIKA),243.0,+/-3,milliJy,2.4E11,0.243,0.003,0.003,,,+/-3.00E-03,Jy,2014A&A...569A...9C,statistical error,1.25 mm,Broad-band measurement,15 34 57.100 +23 30 11.000 (J2000),From fitting to map,,From new raw data
263,1.25 mm,0.226,+/-0.01,Jy,2.4E11,0.226,0.01,0.01,,,+/-1.00E-02,Jy,1992PASP..104.1086C,uncertainty,1.25   mm,Broad-band measurement,,Flux in fixed aperture,"30"" aperture",From new raw data
264,238.920 GHz (SMA),205.0,,milliJy,2.39E11,0.205,,,,,,Jy,2011A&A...527A..36M,no uncertainty reported,238.920 GHz,Broad-band measurement,,Flux integrated from map,"Beam = 3.1"" x 2.4""; PA = -54deg",From new raw data
265,236.936 GHz (SMA),204.0,,milliJy,2.37E11,0.204,,,,,,Jy,2011A&A...527A..36M,no uncertainty reported,236.936 GHz,Broad-band measurement,,Flux integrated from map,"Beam = 2.9"" x 2.4""; PA = -50deg",From new raw data
266,234.952 GHz (SMA),177.0,,milliJy,2.35E11,0.177,,,,,,Jy,2011A&A...527A..36M,no uncertainty reported,234.952 GHz,Broad-band measurement,,Flux integrated from map,"Beam = 3.7"" x 2.8""; PA = -41deg",From new raw data
267,232.968 GHz (SMA),153.0,,milliJy,2.33E11,0.153,,,,,,Jy,2011A&A...527A..36M,no uncertainty reported,232.968 GHz,Broad-band measurement,,Flux integrated from map,"Beam = 2.9"" x 2.4""; PA = -47deg",From new raw data
268,230.904 GHz (SMA),503.0,,milliJy,2.31E11,0.503,,,,,,Jy,2011A&A...527A..36M,no uncertainty reported,230.904 GHz,Broad-band measurement,,Flux integrated from map,"Beam = 2.9"" x 2.3""; PA = -61deg",From new raw data
269,1.3 mm,1.8,+/-0.5,Jy,2.31E11,1.8,0.5,0.5,,,+/-5.00E-01,Jy,1986A&A...166L...8C,statistical error,1.3        A,Broad-band measurement,,Flux in fixed aperture,"1/2 power beamwidth=90""; abs errors 20%",From new raw data
270,1.3 mm (NRAO),0.34,+/-0.08,Jy,2.31E11,0.34,0.08,0.08,,,+/-8.00E-02,Jy,1987ApJ...318..645T,uncertainty,1.3 mm,Broad-band measurement,153247.3 +234006 (B1950),Not reported in paper,"Beam size = 33""",From new raw data
273,228.920 GHz (SMA),194.0,,milliJy,2.29E11,0.194,,,,,,Jy,2011A&A...527A..36M,no uncertainty reported,228.920 GHz,Broad-band measurement,,Flux integrated from map,"Beam = 3.2"" x 2.4""; PA = -62deg",From new raw data
274,226.936 GHz (SMA),202.0,,milliJy,2.27E11,0.202,,,,,,Jy,2011A&A...527A..36M,no uncertainty reported,226.936 GHz,Broad-band measurement,,Flux integrated from map,"Beam = 2.9"" x 2.6""; PA = -54deg",From new raw data
275,226 GHz (SMA),167.0,+/-33,milliJy,2.26E11,0.167,0.033,0.033,,,+/-3.30E-02,Jy,2009ApJ...693...56M,uncertainty,226.46 GHz,Broad-band measurement,15 34 57.19 +23 30 11.3 (J2000),Total flux,,From new raw data
276,224.952 GHz (SMA),165.0,,milliJy,2.25E11,0.165,,,,,,Jy,2011A&A...527A..36M,no uncertainty reported,224.952 GHz,Broad-band measurement,,Flux integrated from map,"Beam = 3.6"" x 2.9""; PA = -49deg",From new raw data
277,222.968 GHz (SMA),145.0,,milliJy,2.23E11,0.145,,,,,,Jy,2011A&A...527A..36M,no uncertainty reported,222.968 GHz,Broad-band measurement,,Flux integrated from map,"Beam = 2.9"" x 2.6""; PA = -49deg",From new raw data
278,1350 microns (SCUBA),271.0,+/-32.3,milliJy,2.22E11,0.271,0.0323,0.0323,,,+/-3.23E-02,Jy,2004MNRAS.352..673A,uncertainty,1350 microns,Broad-band measurement,15 34 57.22 +23 30 11.61 (J2000),Flux integrated from map,,From new raw data
279,220.984 GHz (SMA),218.0,,milliJy,2.21E11,0.218,,,,,,Jy,2011A&A...527A..36M,no uncertainty reported,220.984 GHz,Broad-band measurement,,Flux integrated from map,"Beam = 9.5"" x 6.7""; PA = +47deg",From new raw data
283,219.000 GHz (SMA),255.0,,milliJy,2.19E11,0.255,,,,,,Jy,2011A&A...527A..36M,no uncertainty reported,219.000 GHz,Broad-band measurement,,Flux integrated from map,"Beam = 7.3"" x 4.8""; PA = +76deg",From new raw data
284,217.016 GHz (SMA),178.0,,milliJy,2.17E11,0.178,,,,,,Jy,2011A&A...527A..36M,no uncertainty reported,217.016 GHz,Broad-band measurement,,Flux integrated from map,"Beam = 8.4"" x 6.1""; PA = +77deg",From new raw data
285,216 GHz (SMA),160.0,+/-32,milliJy,2.16E11,0.16,0.032,0.032,,,+/-3.20E-02,Jy,2009ApJ...693...56M,uncertainty,216.46 GHz,Broad-band measurement,15 34 57.19 +23 30 11.3 (J2000),Total flux,,From new raw data
286,215.032 GHz (SMA),156.0,,milliJy,2.15E11,0.156,,,,,,Jy,2011A&A...527A..36M,no uncertainty reported,215.032 GHz,Broad-band measurement,,Flux integrated from map,"Beam = 8.5"" x 7.0""; PA = +77deg",From new raw data
287,213.048 GHz (SMA),145.0,,milliJy,2.13E11,0.145,,,,,,Jy,2011A&A...527A..36M,no uncertainty reported,213.048 GHz,Broad-band measurement,,Flux integrated from map,"Beam = 3.8"" x 2.8""; PA = +82deg",From new raw data
288,210.984 GHz (SMA),177.0,,milliJy,2.11E11,0.177,,,,,,Jy,2011A&A...527A..36M,no uncertainty reported,210.984 GHz,Broad-band measurement,,Flux integrated from map,"Beam = 10.0"" x 6.9; PA = +47deg",From new raw data
289,209.000 GHz (SMA),175.0,,milliJy,2.09E11,0.175,,,,,,Jy,2011A&A...527A..36M,no uncertainty reported,209.000 GHz,Broad-band measurement,,Flux integrated from map,"Beam = 7.6"" x 5.0""; PA = +76deg",From new raw data
290,207.016 GHz (SMA),143.0,,milliJy,2.07E11,0.143,,,,,,Jy,2011A&A...527A..36M,no uncertainty reported,207.016 GHz,Broad-band measurement,,Flux integrated from map,"Beam = 8.8"" x 6.2""; PA = +76deg",From new raw data
291,205.032 GHz (SMA),135.0,,milliJy,2.05E11,0.135,,,,,,Jy,2011A&A...527A..36M,no uncertainty reported,205.032 GHz,Broad-band measurement,,Flux integrated from map,"Beam = 8.8"" x 7.3""; PA = +76deg",From new raw data
292,203.048 GHz (SMA),152.0,,milliJy,2.03E11,0.152,,,,,,Jy,2011A&A...527A..36M,no uncertainty reported,203.048 GHz,Broad-band measurement,,Flux integrated from map,"Beam = 3.9"" x 3.0""; PA = +82deg",From new raw data
293,H_2O (3_13-2_20) VLA,170.0,,milliJy,1.83E11,0.17,,,,,,Jy,2006ApJ...649..635R,no uncertainty reported,183.3101   GHz,Line measurement; flux integrated over line; lines measured in emission,,Flux integrated from map,,From new raw data
294,2000 microns (SCUBA),88.1,+/-8.8,milliJy,1.5E11,0.0881,0.0088,0.0088,,,+/-8.80E-03,Jy,2004MNRAS.352..673A,uncertainty,2000 microns,Broad-band measurement,15 34 57.22 +23 30 11.61 (J2000),Flux integrated from map,,From new raw data
295,2.14 mm (NIKA),52.8,+/-0.8,milliJy,1.4E11,0.0528,8.0E-4,8.0E-4,,,+/-8.00E-04,Jy,2014A&A...569A...9C,statistical error,2.14 mm,Broad-band measurement,15 34 57.100 +23 30 11.000 (J2000),From fitting to map,,From new raw data
302,87.34 GHz (NMA),30.0,,milliJy,8.73E10,0.03,,,,,,Jy,2007AJ....134.2366I,no uncertainty reported,87.34 GHz,Broad-band measurement,,Flux integrated from map,,From new raw data
303,32.5 GHz (EVLA),59.5,+/-2.5,milliJy,3.25E10,0.0595,0.0025,0.0025,,,+/-2.50E-03,Jy,2011ApJ...739L..25L,statistical error,32.5 GHz,Broad-band measurement,,Flux integrated from map,,From new raw data
304,8085 MHz,0.17,+/-0.02,Jy,8.08E9,0.17,0.0158,0.0158,,,+/-1.58E-02,Jy,1983AJ.....88...20C,rms uncertainty,8085       MHz,Broad-band measurement,153246.90 +2340 8.2 (B1950),Flux integrated from map,,From new raw data
305,7.0 GHz (ATA),0.19,+/-0.02,Jy,7.0E9,0.19,0.02,0.02,,,+/-2.00E-02,Jy,2010ApJ...710.1462W,uncertainty,7.0 GHz,Broad-band measurement,,Flux integrated from map,Calibrator is 3C 286,From new raw data
306,6.7 GHz (ATA),0.23,+/-0.03,Jy,6.7E9,0.23,0.03,0.03,,,+/-3.00E-02,Jy,2010ApJ...710.1462W,uncertainty,6.7 GHz,Broad-band measurement,,Flux integrated from map,Calibrator is 3C 286,From new raw data
307,6.3 GHz (ATA),0.2,+/-0.03,Jy,6.3E9,0.2,0.03,0.03,,,+/-3.00E-02,Jy,2010ApJ...710.1462W,uncertainty,6.3 GHz,Broad-band measurement,,Flux integrated from map,Calibrator is 3C 48,From new raw data
308,6.3 GHz (ATA),0.2,+/-0.01,Jy,6.3E9,0.2,0.01,0.01,,,+/-1.00E-02,Jy,2010ApJ...710.1462W,uncertainty,6.3 GHz,Broad-band measurement,,Flux integrated from map,Calibrator is 3C 286,From new raw data
309,6.2 GHz (ATA),0.29,+/-0.03,Jy,6.2E9,0.29,0.03,0.03,,,+/-3.00E-02,Jy,2010ApJ...710.1462W,uncertainty,6.2 GHz,Broad-band measurement,,Flux integrated from map,Calibrator is 3C 286,From new raw data
310,6.0 GHz (ATA),0.22,+/-0.01,Jy,6.0E9,0.22,0.01,0.01,,,+/-1.00E-02,Jy,2010ApJ...710.1462W,uncertainty,6.0 GHz,Broad-band measurement,,Flux integrated from map,Calibrator is 3C 286,From new raw data
311,5.95 GHz (EVLA),194.5,+/-0.08,milliJy,5.95E9,0.195,8.0E-5,8.0E-5,,,+/-8.00E-05,Jy,2011ApJ...739L..25L,statistical error,5.95 GHz,Broad-band measurement,,Flux integrated from map,,From new raw data
312,5.7 GHz (ATA),0.2,+/-0.02,Jy,5.7E9,0.2,0.02,0.02,,,+/-2.00E-02,Jy,2010ApJ...710.1462W,uncertainty,5.7 GHz,Broad-band measurement,,Flux integrated from map,Calibrator is 3C 48,From new raw data
313,5.7 GHz (ATA),0.22,+/-0.01,Jy,5.7E9,0.22,0.01,0.01,,,+/-1.00E-02,Jy,2010ApJ...710.1462W,uncertainty,5.7 GHz,Broad-band measurement,,Flux integrated from map,Calibrator is 3C 286,From new raw data
314,5.4 GHz (ATA),0.24,+/-0.01,Jy,5.4E9,0.24,0.01,0.01,,,+/-1.00E-02,Jy,2010ApJ...710.1462W,uncertainty,5.4 GHz,Broad-band measurement,,Flux integrated from map,Calibrator is 3C 286,From new raw data
315,CH_2_NH (Arecibo),3.5,+/-0.22,milliJy,5.29E9,0.0035,2.2E-4,2.2E-4,,,+/-2.20E-04,Jy,2008AJ....136..389S,uncertainty,5286.813 MHz,Line measurement; flux integrated over line; lines measured in emission,,Peak flux,,From new raw data
316,5.2 GHz (ATA),0.23,+/-0.01,Jy,5.2E9,0.23,0.01,0.01,,,+/-1.00E-02,Jy,2010ApJ...710.1462W,uncertainty,5.2 GHz,Broad-band measurement,,Flux integrated from map,Calibrator is 3C 286,From new raw data
317,5.0 GHz (ATA),0.23,+/-0.01,Jy,5.0E9,0.23,0.01,0.01,,,+/-1.00E-02,Jy,2010ApJ...710.1462W,uncertainty,5.0 GHz,Broad-band measurement,,Flux integrated from map,Calibrator is 3C 286,From new raw data
318,5000 MHz (NRAO),0.192,+/-0.029,Jy,5.0E9,0.192,0.029,0.029,,,+/-2.90E-02,Jy,1976ApJS...32..171S,uncertainty,5000 MHz,Broad-band measurement,15 32 44.2 +23 40 10 (B1950),Flux integrated from map,,From new raw data
319,5.0 GHz (ATA),0.24,+/-0.02,Jy,5.0E9,0.24,0.02,0.02,,,+/-2.00E-02,Jy,2010ApJ...710.1462W,uncertainty,5.0 GHz,Broad-band measurement,,Flux integrated from map,Calibrator is 3C 48,From new raw data
320,4.85 GHz,204.0,+/-27,milliJy,4.85E9,0.204,0.027,0.027,,,+/-2.70E-02,Jy,1991ApJS...75.1011G,rms noise,4.85       GHz,Broad-band measurement,153247.1 +233949 (B1950),Modelled datum,,From new raw data; Corrected for contaminating sources
321,4.85 GHz,208.0,+/-15  %,milliJy,4.85E9,0.208,0.0312,0.0312,,,+/-3.12E-02,Jy,1991ApJS...75....1B,uncertainty,4.85       GHz,Broad-band measurement,153247.1 +233945 (B1950),Peak flux,,From new raw data; Corrected for contaminating sources
322,4830 MHz (NRAO),224.0,,milliJy,4.83E9,0.224,,,,,,Jy,1990ApJS...72..621L,no uncertainty reported,4830   MHz,Broad-band measurement,15 34 58.4 +23 30 42 (J2000),Flux integrated from map,S/N = 32,From new raw data
323,4.8 GHz (VLA),183.13,,milliJy,4.8E9,0.183,,,,,,Jy,2010ApJ...720..555P,no uncertainty reported,4.8 GHz,Broad-band measurement,15 34 57.25 +23 30 11.41 (J2000),Flux integrated from map,,From new raw data
324,4.7 GHz (ATA),0.26,+/-0.02,Jy,4.7E9,0.26,0.02,0.02,,,+/-2.00E-02,Jy,2010ApJ...710.1462W,uncertainty,4.7 GHz,Broad-band measurement,,Flux integrated from map,Calibrator is 3C 286,From new raw data
325,4.6 GHz (ATA),0.24,+/-0.02,Jy,4.6E9,0.24,0.02,0.02,,,+/-2.00E-02,Jy,2010ApJ...710.1462W,uncertainty,4.6 GHz,Broad-band measurement,,Flux integrated from map,Calibrator is 3C 286,From new raw data
326,4.5 GHz (ATA),0.24,+/-0.02,Jy,4.5E9,0.24,0.02,0.02,,,+/-2.00E-02,Jy,2010ApJ...710.1462W,uncertainty,4.5 GHz,Broad-band measurement,,Flux integrated from map,Calibrator is 3C 286,From new raw data
327,4.4 GHz (ATA),0.23,+/-0.02,Jy,4.4E9,0.23,0.02,0.02,,,+/-2.00E-02,Jy,2010ApJ...710.1462W,uncertainty,4.4 GHz,Broad-band measurement,,Flux integrated from map,Calibrator is 3C 286,From new raw data
328,4.3 GHz (ATA),0.25,+/-0.02,Jy,4.3E9,0.25,0.02,0.02,,,+/-2.00E-02,Jy,2010ApJ...710.1462W,uncertainty,4.3 GHz,Broad-band measurement,,Flux integrated from map,Calibrator is 3C 286,From new raw data
329,3.6 GHz (ATA),0.24,+/-0.01,Jy,3.6E9,0.24,0.01,0.01,,,+/-1.00E-02,Jy,2010ApJ...710.1462W,uncertainty,3.6 GHz,Broad-band measurement,,Flux integrated from map,Calibrator is 3C 286,From new raw data
330,3.5 GHz (ATA),0.27,+/-0.01,Jy,3.5E9,0.27,0.01,0.01,,,+/-1.00E-02,Jy,2010ApJ...710.1462W,uncertainty,3.5 GHz,Broad-band measurement,,Flux integrated from map,Calibrator is 3C 286,From new raw data
331,3.4 GHz (ATA),0.28,+/-0.01,Jy,3.4E9,0.28,0.01,0.01,,,+/-1.00E-02,Jy,2010ApJ...710.1462W,uncertainty,3.4 GHz,Broad-band measurement,,Flux integrated from map,Calibrator is 3C 286,From new raw data
332,3.3 GHz (ATA),0.27,+/-0.01,Jy,3.3E9,0.27,0.01,0.01,,,+/-1.00E-02,Jy,2010ApJ...710.1462W,uncertainty,3.3 GHz,Broad-band measurement,,Flux integrated from map,Calibrator is 3C 286,From new raw data
333,3.2 GHz (ATA),0.27,+/-0.01,Jy,3.2E9,0.27,0.01,0.01,,,+/-1.00E-02,Jy,2010ApJ...710.1462W,uncertainty,3.2 GHz,Broad-band measurement,,Flux integrated from map,Calibrator is 3C 286,From new raw data
334,2.9 GHz (ATA),0.27,+/-0.01,Jy,2.9E9,0.27,0.01,0.01,,,+/-1.00E-02,Jy,2010ApJ...710.1462W,uncertainty,2.9 GHz,Broad-band measurement,,Flux integrated from map,Calibrator is 3C 286,From new raw data
335,2695 MHz (NRAO),0.279,+/-0.022,Jy,2.7E9,0.279,0.022,0.022,,,+/-2.20E-02,Jy,1976ApJS...32..171S,uncertainty,2695 MHz,Broad-band measurement,15 32 44.2 +23 40 10 (B1950),Flux integrated from map,,From new raw data
336,2695 MHz,0.26,+/-0.01,Jy,2.7E9,0.26,0.0131,0.0131,,,+/-1.31E-02,Jy,1983AJ.....88...20C,rms uncertainty,2695       MHz,Broad-band measurement,153246.90 +2340 8.2 (B1950),Flux integrated from map,,From new raw data
337,2.6 GHz (ATA),0.28,+/-0.01,Jy,2.6E9,0.28,0.01,0.01,,,+/-1.00E-02,Jy,2010ApJ...710.1462W,uncertainty,2.6 GHz,Broad-band measurement,,Flux integrated from map,Calibrator is 3C 286,From new raw data
338,2.6 GHz (ATA),0.28,+/-0.02,Jy,2.6E9,0.28,0.02,0.02,,,+/-2.00E-02,Jy,2010ApJ...710.1462W,uncertainty,2.6 GHz,Broad-band measurement,,Flux integrated from map,Calibrator is 3C 48,From new raw data
339,2.5 GHz (ATA),0.27,+/-0.02,Jy,2.5E9,0.27,0.02,0.02,,,+/-2.00E-02,Jy,2010ApJ...710.1462W,uncertainty,2.5 GHz,Broad-band measurement,,Flux integrated from map,Calibrator is 3C 48,From new raw data
340,2.5 GHz (ATA),0.29,+/-0.01,Jy,2.5E9,0.29,0.01,0.01,,,+/-1.00E-02,Jy,2010ApJ...710.1462W,uncertainty,2.5 GHz,Broad-band measurement,,Flux integrated from map,Calibrator is 3C 286,From new raw data
341,2380 MHz,312.0,+/-16.,milliJy,2.38E9,0.312,0.016,0.016,,,+/-1.60E-02,Jy,1978ApJS...36...53D,rms uncertainty,2380       MHz,Broad-band measurement; peak value reported,,Peak flux,,From new raw data
342,2.0 GHz (ATA),0.3,+/-0.01,Jy,2.0E9,0.3,0.01,0.01,,,+/-1.00E-02,Jy,2010ApJ...710.1462W,uncertainty,2.0 GHz,Broad-band measurement,,Flux integrated from map,Calibrator is 3C 286,From new raw data
343,1.9 GHz (ATA),0.3,+/-0.01,Jy,1.9E9,0.3,0.01,0.01,,,+/-1.00E-02,Jy,2010ApJ...710.1462W,uncertainty,1.9 GHz,Broad-band measurement,,Flux integrated from map,Calibrator is 3C 286,From new raw data
344,1.8 GHz (ATA),0.31,+/-0.01,Jy,1.8E9,0.31,0.01,0.01,,,+/-1.00E-02,Jy,2010ApJ...710.1462W,uncertainty,1.8 GHz,Broad-band measurement,,Flux integrated from map,Calibrator is 3C 286,From new raw data
345,1.7 GHz (ATA),0.3,+/-0.01,Jy,1.7E9,0.3,0.01,0.01,,,+/-1.00E-02,Jy,2010ApJ...710.1462W,uncertainty,1.7 GHz,Broad-band measurement,,Flux integrated from map,Calibrator is 3C 286,From new raw data
346,1.6 GHz (ATA),0.31,+/-0.03,Jy,1.6E9,0.31,0.03,0.03,,,+/-3.00E-02,Jy,2010ApJ...710.1462W,uncertainty,1.6 GHz,Broad-band measurement,,Flux integrated from map,Calibrator is 3C 286,From new raw data
347,1.5 GHz (ATA),0.26,+/-0.02,Jy,1.5E9,0.26,0.02,0.02,,,+/-2.00E-02,Jy,2010ApJ...710.1462W,uncertainty,1.5 GHz,Broad-band measurement,,Flux integrated from map,Calibrator is 3C 286,From new raw data
349,1.4 GHz (VLA),299.0,,milliJy,1.42E9,0.299,,,,,,Jy,2006A&A...449..559B,no uncertainty reported,1.42   GHz,Broad-band measurement,15 32 46.92 +23 40 07.8 (J2000),Total flux,,From new raw data
351,1400 MHz,0.3,+/-0.04,Jy,1.4E9,0.3,0.0355,0.0355,,,+/-3.55E-02,Jy,1983AJ.....88...20C,rms uncertainty,1400       MHz,Broad-band measurement,153246.90 +2340 8.2 (B1950),Flux integrated from map,,From reprocessed raw data
352,1.40 GHz,302.0,,milliJy,1.4E9,0.302,,,,,,Jy,1992ApJS...79..331W,no uncertainty reported,1.4        GHz,Broad-band measurement,153247.1 +233945 (B1950),Peak flux,,From new raw data
353,1.4 GHz (ATA),0.32,+/-0.01,Jy,1.4E9,0.32,0.01,0.01,,,+/-1.00E-02,Jy,2010ApJ...710.1462W,uncertainty,1.4 GHz,Broad-band measurement,,Flux integrated from map,Calibrator is 3C 286,From new raw data
354,1.4 GHz (VLA),326.0,,milliJy,1.4E9,0.326,,,,,,Jy,2002AJ....124..675C,no uncertainty reported,1.4   GHz,Broad-band measurement,,Flux integrated from map,,Averaged from previously published data
355,1.4GHz,326.8,+/-9.8,milliJy,1.4E9,0.327,0.0098,0.0098,,,+/-9.80E-03,Jy,1998AJ....115.1693C,uncertainty,1.40   GHz,Broad-band measurement,15 34 57.26 +23 30 11.1 (J2000),Flux integrated from map,,From new raw data
356,1.4 GHz (NVSS),326.0,+/-10,milliJy,1.4E9,0.326,0.01,0.01,,,+/-1.00E-02,Jy,2014MNRAS.440..696A,uncertainty,1.4 GHz,Broad-band measurement,15 34 57.27 +23 30 10.5 (J2000),Total flux,,Averaged from previously published data
357,1.4 GHz (CHIPASS),218.0,,milliJy,1.4E9,0.218,,,,,,Jy,2014MNRAS.440..696A,no uncertainty reported,1.4 GHz,Broad-band measurement,15 34 57.27 +23 30 10.5 (J2000),From fitting to map,Beam-weighted flux density,From reprocessed raw data
358,1.2 GHz (ATA),0.37,+/-0.02,Jy,1.2E9,0.37,0.02,0.02,,,+/-2.00E-02,Jy,2010ApJ...710.1462W,uncertainty,1.2 GHz,Broad-band measurement,,Flux integrated from map,Calibrator is 3C 48,From new raw data
359,1.2 GHz (ATA),0.33,+/-0.01,Jy,1.2E9,0.33,0.01,0.01,,,+/-1.00E-02,Jy,2010ApJ...710.1462W,uncertainty,1.2 GHz,Broad-band measurement,,Flux integrated from map,Calibrator is 3C 286,From new raw data
360,1.1 GHz (ATA),0.34,+/-0.01,Jy,1.1E9,0.34,0.01,0.01,,,+/-1.00E-02,Jy,2010ApJ...710.1462W,uncertainty,1.1 GHz,Broad-band measurement,,Flux integrated from map,Calibrator is 3C 286,From new raw data
361,1.1 GHz (ATA),0.36,+/-0.02,Jy,1.1E9,0.36,0.02,0.02,,,+/-2.00E-02,Jy,2010ApJ...710.1462W,uncertainty,1.1 GHz,Broad-band measurement,,Flux integrated from map,Calibrator is 3C 48,From new raw data
362,365 MHz (Texas),0.435,+/-0.026,Jy,3.65E8,0.435,0.026,0.026,,,+/-2.60E-02,Jy,1996AJ....111.1945D,internal error,365        MHz,Broad-band measurement; obtained by interpolation over frequency,153246.819 234008.06 (B1950),Integrated from scans,Model:P;MFlag:+;EFlag:+;LFlag:+.,From new raw data
363,151 MHz,0.45,+/-18.1%,Jy,1.51E8,0.45,0.0813,0.0813,,,+/-8.13E-02,Jy,1996MNRAS.282..779W,estimated error,151        MHz,Broad-band measurement,153246.9 +233952 (B1950),Flux integrated from map; Beam filling or dilution corrected,,From new raw data; Corrected for contaminating sources
